<?xml version="1.0" encoding="utf-8"?>
<odoo>
    <data noupdate="1">

        <!-- Sequence for Voucher Numbers -->
        <record id="sequence_sale_voucher" model="ir.sequence">
            <field name="name">Sales Voucher Sequence</field>
            <field name="code">sale.voucher</field>
            <field name="prefix">BUO/%(year)s/</field>
            <field name="padding">4</field>
            <field name="number_increment">1</field>
            <field name="number_next">1</field>
            <field name="implementation">standard</field>
            <field name="company_id" eval="False"/>
        </record>

    </data>
</odoo>

